"NUMMER_VERBRAUCHSORT";"NAME_VERBRAUCHSORT";"DATUM";"ART_DER_SPEISE";"BUTTON";"ABEND";"TEXT_DEUTSCH";"TEXT_ENGLISCH";"ZUSATZSTOFFE";"GAESTE";"STUDIERENDE";"BEDIENSTETE";"TARA"
1;"Mensa";"23.01.2014";"Aktionsdessert 1,20€";"";"";"Mousse au chocolat";"Mousse au chocolat";"13, 15, A6, A7, (R)";1,8;1,2;1,45;"Kein Tara"
1;"Mensa";"23.01.2014";"Aktionsdessert 1,20€";"";"";"Rote Grütze Vanillesauce";"Red fruit jelly with vanilla sauce";"1, 4, 15, A7";1,8;1,2;1,45;"Kein Tara"
1;"Mensa";"23.01.2014";"Aktionsessen";"";"";"Big Cheeseburger von Rindfleisch";"Big Cheese Burger from beef";"2, 15, A1, A3, A6, A7, A9, A10, A11";3,3;3,3;3,3;"Kein Tara"
1;"Mensa";"23.01.2014";"Pastabuffet";"";"";"Pasta mit Lachs in Sahnesauce";"Pasta with salmon filet in cream sauce";"15, A1, A7, A9";12;8;10,5;"Tara"
1;"Mensa";"23.01.2014";"Pastabuffet";"3";"";"Vollkornspaghetti mit Nuss Pesto";"Wholemeal spaghetti with nut-pesto olive oil";"2, 15, A1, A3, A7, A8";12;8;10,5;"Tara"
1;"Mensa";"23.01.2014";"Stamm Beilagensalat 0,50€";"";"a";"";"Salad buffet";"";0,8;0,5;0,65;"Kein Tara"
1;"Mensa";"23.01.2014";"Stamm Beilagensalat 0,50€";"1";"";"Blattsalat";"side salad";"15, A7, A10";0,8;0,5;0,65;"Kein Tara"
1;"Mensa";"23.01.2014";"Stamm Beilagensalat 0,50€";"";"a";"";"Salad buffet";"";0,8;0,5;0,65;"Kein Tara"
1;"Mensa";"23.01.2014";"Stamm Dessert 0,55€";"2";"";"Mandarinen-Joguhrt";"Mandarin yoghurt";"15, A7";1,1;0,55;0,75;"Kein Tara"
1;"Mensa";"23.01.2014";"Stamm Eintopf 1 f 1,80€";"2";"";"Kichererbsensuppe mit Nudeln";"Chickpeas soup with noodles";"2, 3, A1, A7, A12, A15";3,6;1,8;3,15;"Kein Tara"
1;"Mensa";"23.01.2014";"Stamm Gemüsebeil. 1 0,50€";"2";"";"Brokkoligemüse";"Broccoli vegetable";"15, A7";0,8;0,5;0,65;"Kein Tara"
1;"Mensa";"23.01.2014";"Stamm Gemüsebeil. 1 0,50€";"";"";"Bohnengemüse";"Beans";"15, A7";0,8;0,5;0,65;"Kein Tara"
1;"Mensa";"23.01.2014";"Stamm HK Essen 1 1,05€";"3";"";"Gefüllte Kartoffeltaschen mit Frischkäse";"Filled potato bags with cream cheese";"4, 15, A7, (v)";2,65;1,05;2,15;"Kein Tara"
1;"Mensa";"23.01.2014";"Stamm HK Essen 1 1,05€";"3";"a";"Gemüsemaultaschen Paprikasauerrahm";"Vegetables ravioli with pepper cream sauce";"4, 15, A1, A3, A7, A9";2,65;1,05;2,15;"Kein Tara"
1;"Mensa";"23.01.2014";"Stamm HK Essen 2 1,60€";"";"a";"Schaschlikpfanne vom Schwein in pikanter Sauce";"Shashlik dish from pork with spicy sauce";"A15";3,2;1,6;2,7;"Kein Tara"
1;"Mensa";"23.01.2014";"Stamm HK Essen 2 1,60€";"";"";"Rindergulasch ""Ungarische Art"" mit Paprika und Zwiebeln";"Hungarian goulsh with paprika and onion";"1, A15";3,2;1,6;2,7;"Kein Tara"
1;"Mensa";"23.01.2014";"Stamm HK Essen 2 1,60€";"";"";"Cous-Cous-Pfanne mit Mandeln, Rosinen und Joghurt";"Couscous dish with almonds, raisins and yoghurt";"15, A7, A8, A9, 38, A15";3,2;1,6;2,7;"Kein Tara"
1;"Mensa";"23.01.2014";"Stamm HK Essen 2 1,60€";"";"a";"Chicken Nuggets Ananas - Curry-Dip";"Chicken nuggets with curry-ananas-dip";"2, 3, 15, A1, A3, A6, A7, A9, A11, A12";3,2;1,6;2,7;"Kein Tara"
1;"Mensa";"23.01.2014";"Stamm Sättigungbeil 0,50€";"";"a";"Wedges Kartoffeln";"Pommes wedges";"4, A1, A9, 38, A15";0,8;0,5;0,65;"Kein Tara"
1;"Mensa";"23.01.2014";"Stamm Sättigungbeil 0,50€";"4";"";"Macaire Kartoffeln";"Macaire potatoes";"A1, A12";0,8;0,5;0,65;"Kein Tara"
1;"Mensa";"23.01.2014";"Stamm Sättigungbeil 0,50€";"";"";"Nudeln";"Noodles";"A1";0,8;0,5;0,65;"Kein Tara"
1;"Mensa";"23.01.2014";"WOK-Buffet Mensa";"";"";"Schweinefleisch in Currysauce mit Gemüse und Sprossen";"Pork in curry sauce with vegetable and sprouts";"2, 3, 15, A1, A6, A7, A12, A16, 38, A15";12;8;10,5;"Tara"
6;"Gownsmen's Pub";"23.01.2014";"Aktionsessen";"";"";"Flammkuchen mit Speck oder vegetarisch";"Tarte Flambee with bacon or vegetarian";"";2,8;2,8;2,8;"Kein Tara"
6;"Gownsmen's Pub";"23.01.2014";"PUB Dessert";"";"";"Erdbeerpudding";"Strawberry pudding";"1, 15, A6, A7";1,1;0,55;0,75;"Kein Tara"
6;"Gownsmen's Pub";"23.01.2014";"PUB Hauptkompononte";"";"";"Schollenfilet mit Remoulade";"Fillet of plaice with rémoulade";"";3,9;3,3;3,9;"Kein Tara"
6;"Gownsmen's Pub";"23.01.2014";"PUB Salatbeilage Waage";"";"";"Salatauswahl";"Mixed salad";"1, 3, A15";0,8;0,5;0,65;"Kein Tara"
6;"Gownsmen's Pub";"23.01.2014";"Stamm Eintopf 1 f 1,80€";"2";"";"Kichererbsensuppe mit Nudeln";"Chickpeas soup with noodles";"2, 3, A12, A15";1,8;1,8;3,15;"Kein Tara"
48;"HNF (Hotspot)";"23.01.2014";"Aktionsdessert 1,20€";"";"";"Mousse au chocolat";"Mousse au chocolat";"13, 15, A6, A7, (R)";1,8;1,2;1,45;"Kein Tara"
48;"HNF (Hotspot)";"23.01.2014";"Stamm Beilagensalat 0,50€";"1";"";"Blattsalat";"side salad";"15, A7, A10";0,8;0,5;0,65;"Kein Tara"
48;"HNF (Hotspot)";"23.01.2014";"Stamm Dessert 0,55€";"2";"";"Mandarinen-Joguhrt";"Mandarin yoghurt";"15, A7";1,1;0,55;0,75;"Kein Tara"
48;"HNF (Hotspot)";"23.01.2014";"Stamm Eintopf 1 f 1,80€";"2";"";"Kichererbsensuppe mit Nudeln";"Chickpeas soup with noodles";"2, 3, A12, A15";3,6;1,8;3,15;"Kein Tara"
48;"HNF (Hotspot)";"23.01.2014";"Stamm Gemüsebeil. 1 0,50€";"2";"";"Brokkoligemüse";"Broccoli vegetable";"15, A7";0,8;0,5;0,65;"Kein Tara"
48;"HNF (Hotspot)";"23.01.2014";"Stamm Gemüsebeil. 1 0,50€";"";"";"Bohnengemüse";"Beans";"15, A7";0,8;0,5;0,65;"Kein Tara"
48;"HNF (Hotspot)";"23.01.2014";"Stamm HK Essen 1 1,05€";"3";"";"Gefüllte Kartoffeltaschen mit Frischkäse";"Filled potato bags with cream cheese";"4, 15, A7, (v)";2,65;1,05;2,15;"Kein Tara"
48;"HNF (Hotspot)";"23.01.2014";"Stamm HK Essen 2 1,60€";"";"";"Cous-Cous-Pfanne mit Mandeln, Rosinen und Joghurt";"Couscous dish with almonds, raisins and yoghurt";"15, A7, A8, A9, 38, A15";3,2;1,6;2,7;"Kein Tara"
48;"HNF (Hotspot)";"23.01.2014";"Stamm HK Essen 2 1,60€";"";"";"Rindergulasch ""Ungarische Art"" mit Paprika und Zwiebeln";"Hungarian goulsh with paprika and onion";"1, A15";3,2;1,6;2,7;"Kein Tara"
50;"Mensa Hamm";"23.01.2014";"Aktionsdessert 1,20€";"";"";"Mousse au chocolat";"Mousse au chocolat";"13, 15, A6, A7, (R)";1,8;1,2;1,45;"Kein Tara"
50;"Mensa Hamm";"23.01.2014";"Stamm Beilagensalat 0,50€";"1";"";"Blattsalat";"side salad";"15, A7, A10";0,8;0,5;0,65;"Kein Tara"
50;"Mensa Hamm";"23.01.2014";"Stamm Dessert 0,55€";"2";"";"Mandarinen-Joguhrt";"Mandarin yoghurt";"15, A7";1,1;0,55;0,75;"Kein Tara"
50;"Mensa Hamm";"23.01.2014";"Stamm Eintopf 1 f 1,80€";"2";"";"Kichererbsensuppe mit Nudeln";"Chickpeas soup with noodles";"2, 3, A12, A15";3,6;1,8;3,15;"Kein Tara"
50;"Mensa Hamm";"23.01.2014";"Stamm Gemüsebeil. 1 0,50€";"";"";"Bohnengemüse";"Beans";"15, A7";0,8;0,5;0,65;"Kein Tara"
50;"Mensa Hamm";"23.01.2014";"Stamm Gemüsebeil. 1 0,50€";"2";"";"Brokkoligemüse";"Broccoli vegetable";"15, A7";0,8;0,5;0,65;"Kein Tara"
50;"Mensa Hamm";"23.01.2014";"Stamm HK Essen 1 1,05€";"3";"";"Gefüllte Kartoffeltaschen mit Frischkäse";"Filled potato bags with cream cheese";"4, 15, A7, (v)";2,65;1,05;2,15;"Kein Tara"
50;"Mensa Hamm";"23.01.2014";"Stamm HK Essen 2 1,60€";"";"";"Rindergulasch ""Ungarische Art"" mit Paprika und Zwiebeln";"Hungarian goulsh with paprika and onion";"1, A15";3,2;1,6;2,7;"Kein Tara"
50;"Mensa Hamm";"23.01.2014";"Stamm HK Essen 2 1,60€";"";"";"Cous-Cous-Pfanne mit Mandeln, Rosinen und Joghurt";"Couscous dish with almonds, raisins and yoghurt";"15, A7, A8, A9, 38, A15";3,2;1,6;2,7;"Kein Tara"
1;"Mensa";"24.01.2014";"Aktionsessen";"";"";"Fish & chips mit leichter Knoblauchsauce";"Fish and chips with mild garlig sauce";"4, 15, A1, A3, A4, A6, A7, A9, A10, 38, A15";3,8;3,8;3,8;"Kein Tara"
1;"Mensa";"24.01.2014";"Counter Dessert 1 1,20€";"";"";"Birnen-Buttermilchcreme";"Pear-buttermilk cream";"15, A7";1,8;1,2;1,45;"Kein Tara"
1;"Mensa";"24.01.2014";"Pastabuffet";"";"";"Tortellini vom Schwein in Tomaten-Basilikumsauce";"Tortellini from pork in basil-tomato sauce with parmesan";"2, 4, 15, A1, A3, A6, A7, (S)";12;8;10,5;"Tara"
1;"Mensa";"24.01.2014";"Stamm Beilagensalat 0,50€";"1";"";"Blattsalat";"side salad";"15, A7, A10";0,8;0,5;0,65;"Kein Tara"
1;"Mensa";"24.01.2014";"Stamm Dessert 0,55€";"";"";"Kirschquark";"Cherry curd";"15, A7";1,1;0,55;0,75;"Kein Tara"
1;"Mensa";"24.01.2014";"Stamm Eintopf 1 f 1,80€";"2";"";"Süßer Milchreis mit Kirschsauce und Zimt-Zucker";"Sweet milk rice and cherry sauce";"15, A6, A7";3,6;1,8;3,15;"Kein Tara"
1;"Mensa";"24.01.2014";"Stamm Gemüsebeil. 1 0,50€";"";"";"Blumenkohlgemüse";"Cauliflower";"A6";0,8;0,5;0,65;"Kein Tara"
1;"Mensa";"24.01.2014";"Stamm Gemüsebeil. 1 0,50€";"6";"";"Paprikagemüse";"Paprika vegetable";"A15";0,8;0,5;0,65;"Kein Tara"
1;"Mensa";"24.01.2014";"Stamm HK Essen 1 1,05€";"3";"";"Ofenkartoffeln mit Kräuterquark";"Baked jacket potatoes and curd with herbs";"15, A7";2,65;1,05;2,15;"Kein Tara"
1;"Mensa";"24.01.2014";"Stamm HK Essen 2 1,60€";"";"";"Hähnchenfilet im Knuspermantel mit Zitronendip";"Chicken fillet in crunchy breading with lemon dip";"4, 15, A1, A7, (G)";3,2;1,6;2,7;"Kein Tara"
1;"Mensa";"24.01.2014";"Stamm HK Essen 3 2,00€";"";"";"Pizza Salami";"""Salami"" pizza";"1, 15, A1, A7, (v), 38, A15, 44";3,3;2;2,8;"Kein Tara"
1;"Mensa";"24.01.2014";"Stamm Sättigungbeil 0,50€";"5";"";"Pommes frites";"French fries";"";0,8;0,5;0,65;"Kein Tara"
1;"Mensa";"24.01.2014";"WOK-Buffet Mensa";"1";"";"Rindfleisch in Hoisinsauce mit frischem Gemüse, Reis";"Beef in hoisin sauce with vegetable, sprout and basmati rice";"2, A6, A7, A9";12;8;10,5;"Tara"
6;"Gownsmen's Pub";"24.01.2014";"Aktionsessen";"";"";"Flammkuchen mit Speck oder vegetarisch";"Tarte Flambee with bacon or vegetarian";"";2,8;2,8;2,8;"Kein Tara"
6;"Gownsmen's Pub";"24.01.2014";"PUB Beilage Waage";"";"";"Butterreis";"Butter rice";"15, A7";4,5;4,5;4,5;"Tara"
6;"Gownsmen's Pub";"24.01.2014";"PUB Dessert";"";"";"Karamellpudding";"Caramel pudding";"15, A5, A6, A7";1,1;0,55;0,75;"Kein Tara"
6;"Gownsmen's Pub";"24.01.2014";"PUB Hauptkompononte";"";"";"Gyrosgeschnetzeltes";"Sliced gyros";"3, 4";3,9;3,3;3,9;"Kein Tara"
6;"Gownsmen's Pub";"24.01.2014";"PUB Salatbeilage Waage";"";"";"Krautsalat";"Coleslaw";"";0,8;0,5;0,65;"Kein Tara"
6;"Gownsmen's Pub";"24.01.2014";"Stamm Eintopf 1 f 1,80€";"";"";"Süßer Milchreis mit Kirschsauce und Zimt-Zucker";"Sweet milk rice and cherry sauce";"15, A6, A7";1,8;1,8;3,15;"Kein Tara"
48;"HNF (Hotspot)";"24.01.2014";"Counter Dessert 1 1,20€";"";"";"Birnen-Buttermilchcreme";"Pear-buttermilk cream";"15, A7";1,8;1,2;1,45;"Kein Tara"
48;"HNF (Hotspot)";"24.01.2014";"Stamm Beilagensalat 0,50€";"1";"";"Blattsalat";"side salad";"15, A7, A10";0,8;0,5;0,65;"Kein Tara"
48;"HNF (Hotspot)";"24.01.2014";"Stamm Dessert 0,55€";"";"";"Kirschquark";"Cherry curd";"15, A7";1,1;0,55;0,75;"Kein Tara"
48;"HNF (Hotspot)";"24.01.2014";"Stamm Eintopf 1 f 1,80€";"";"";"Süßer Milchreis mit Kirschsauce und Zimt-Zucker";"Sweet milk rice and cherry sauce";"15, A6, A7";3,6;1,8;3,15;"Kein Tara"
48;"HNF (Hotspot)";"24.01.2014";"Stamm Gemüsebeil. 1 0,50€";"6";"";"Paprikagemüse";"Paprika vegetable";"A15";0,8;0,5;0,65;"Kein Tara"
48;"HNF (Hotspot)";"24.01.2014";"Stamm Gemüsebeil. 1 0,50€";"";"";"Blumenkohlgemüse";"Cauliflower";"A6";0,8;0,5;0,65;"Kein Tara"
48;"HNF (Hotspot)";"24.01.2014";"Stamm HK Essen 1 1,05€";"3";"";"Ofenkartoffeln mit Kräuterquark";"Baked jacket potatoes and curd with herbs";"15, A7";2,65;1,05;2,15;"Kein Tara"
48;"HNF (Hotspot)";"24.01.2014";"Stamm HK Essen 2 1,60€";"";"";"Hähnchenfilet im Knuspermantel mit Zitronendip";"Chicken fillet in crunchy breading with lemon dip";"4, 15, A1, A7, (G)";3,2;1,6;2,7;"Kein Tara"
48;"HNF (Hotspot)";"24.01.2014";"Stamm HK Essen 3 2,00€";"";"";"Pizza Salami";"""Salami"" pizza";"1, 15, A1, A7, (v), 38, A15, 44";3,3;2;2,8;"Kein Tara"
50;"Mensa Hamm";"24.01.2014";"Counter Dessert 1 1,20€";"";"";"Birnen-Buttermilchcreme";"Pear-buttermilk cream";"15, A7";1,8;1,2;1,45;"Kein Tara"
50;"Mensa Hamm";"24.01.2014";"Stamm Beilagensalat 0,50€";"1";"";"Blattsalat";"side salad";"15, A7, A10";0,8;0,5;0,65;"Kein Tara"
50;"Mensa Hamm";"24.01.2014";"Stamm Dessert 0,55€";"";"";"Kirschquark";"Cherry curd";"15, A7";1,1;0,55;0,75;"Kein Tara"
50;"Mensa Hamm";"24.01.2014";"Stamm Eintopf 1 f 1,80€";"";"";"Süßer Milchreis mit Kirschsauce und Zimt-Zucker";"Sweet milk rice and cherry sauce";"15, A6, A7";3,6;1,8;3,15;"Kein Tara"
50;"Mensa Hamm";"24.01.2014";"Stamm Gemüsebeil. 1 0,50€";"";"";"Blumenkohlgemüse";"Cauliflower";"A6";0,8;0,5;0,65;"Kein Tara"
50;"Mensa Hamm";"24.01.2014";"Stamm Gemüsebeil. 1 0,50€";"6";"";"Paprikagemüse";"Paprika vegetable";"A15";0,8;0,5;0,65;"Kein Tara"
50;"Mensa Hamm";"24.01.2014";"Stamm HK Essen 1 1,05€";"3";"";"Ofenkartoffeln mit Kräuterquark";"Baked jacket potatoes and curd with herbs";"15, A7";2,65;1,05;2,15;"Kein Tara"
50;"Mensa Hamm";"24.01.2014";"Stamm HK Essen 2 1,60€";"";"";"Hähnchenfilet im Knuspermantel mit Zitronendip";"Chicken fillet in crunchy breading with lemon dip";"4, 15, A1, A7, (G)";3,2;1,6;2,7;"Kein Tara"
50;"Mensa Hamm";"24.01.2014";"Stamm HK Essen 3 2,00€";"";"";"Pizza Salami";"""Salami"" pizza";"1, 15, A1, A7, (v), 38, A15, 44";3,3;2;2,8;"Kein Tara"
1;"Mensa";"27.01.2014";"Aktionsdessert 1,20€";"";"";"Schokoladenpudding";"Chocolate pudding";"4, 15, A5, A6, A7";1,8;1,2;1,45;"Kein Tara"
1;"Mensa";"27.01.2014";"Aktionsdessert 1,20€";"";"a";"Schokoladenpudding";"Chocolate pudding";"4, 15, A5, A6, A7";1,8;1,2;1,45;"Kein Tara"
1;"Mensa";"27.01.2014";"Aktionsessen";"2";"";"Geflügel-Döner mit Krautsalat, Tomate und Zwiebeln";"Poultry kebab in pita bread with coleslaw, tomatoes and onio";"4, 15, A1, A6, A7, A9, A10, (G)";3,2;3,2;3,2;"Kein Tara"
1;"Mensa";"27.01.2014";"Pastabuffet";"";"";"Vollkornspaghetti mit Oliven, Tomaten und Schinken";"Wholemeal spaghetti with olive, tomato and bacon";"2, A1, (S)";12;8;10,5;"Tara"
1;"Mensa";"27.01.2014";"Pastabuffet";"";"";"Basilikum-Risotto mit gebratenen Pilzen";"Basil risotto with fried mushrooms";"2, 3, 4, 15, A1, A3, A6, A7, A9, A10";12;8;10,5;"Tara"
1;"Mensa";"27.01.2014";"Stamm Dessert 0,55€";"";"a";"Sauerkirsch-Quarkspeise";"Sour cherry curd";"15, A7";1,1;0,55;0,75;"Kein Tara"
1;"Mensa";"27.01.2014";"Stamm Dessert 0,55€";"";"";"Sauerkirsch-Quarkspeise";"Sour cherry curd";"15, A7";1,1;0,55;0,75;"Kein Tara"
1;"Mensa";"27.01.2014";"Stamm Eintopf 1 f 1,80€";"";"";"Weißer Bohneneintopf mit Brötchen";"White beans stew with bread roll";"A1, A7, A9";3,6;1,8;3,15;"Kein Tara"
1;"Mensa";"27.01.2014";"Stamm Gemüsebeil. 1 0,50€";"";"a";"Rosenkohlgemüse";"Brussels sprouts";"A6";0,8;0,5;0,65;"Kein Tara"
1;"Mensa";"27.01.2014";"Stamm HK Essen 1 1,05€";"";"a";"Schupfnudelpfanne mit Waldpilzen";"Noodles pan with wild mushroooms";"15, A1, A3, A6, A7, A9";2,65;1,05;2,15;"Kein Tara"
1;"Mensa";"27.01.2014";"Stamm HK Essen 1 1,05€";"5";"";"Honigkarotten aus dem Wok auf Couscous";"Honey carrots from the wok with lemon- couscous";"A1, A11";2,65;1,05;2,15;"Kein Tara"
1;"Mensa";"27.01.2014";"Stamm HK Essen 2 1,60€";"";"a";"Geflügelfrikadelle mit Jägersauce";"Poultry meatball with mushrooms sauce";"3, 4, 9, A1, A3, A9, (G)";3,2;1,6;2,7;"Kein Tara"
1;"Mensa";"27.01.2014";"Stamm HK Essen 2 1,60€";"";"";"Cordon bleu vom Schwein mit Zitrone";"Cordon bleu of pork with lemon";"3, 4, A1, A3, A6, A7, A9, A10, (S)";3,2;1,6;2,7;"Kein Tara"
1;"Mensa";"27.01.2014";"Stamm HK Essen 2 1,60€";"";"";"Rindswurst mit Weißkohl";"Beefsausage with white cabbage";"4, 15, A7";3,2;1,6;2,7;"Kein Tara"
1;"Mensa";"27.01.2014";"Stamm HK Essen 2 1,60€";"";"a";"Gratiniertes Schweinesteak mit Tomaten - Mozzarella";"Steak of pok with tomato and mozzarella";"4, A7";3,2;1,6;2,7;"Kein Tara"
1;"Mensa";"27.01.2014";"Stamm Sättigungbeil 0,50€";"4";"";"Salzkartoffeln";"Steam potatoes";"";0,8;0,5;0,65;"Kein Tara"
1;"Mensa";"27.01.2014";"Stamm Sättigungbeil 0,50€";"";"";"Erbsengemüse";"Pea vegetable";"15, A7";0,8;0,5;0,65;"Kein Tara"
1;"Mensa";"27.01.2014";"Stamm Sättigungbeil 0,50€";"";"a";"Rösti-Ecken";"Rösti";"";0,8;0,5;0,65;"Kein Tara"
1;"Mensa";"27.01.2014";"Stamm Sättigungbeil 0,50€";"";"a";"Butternudeln";"Butter noodles";"A1";0,8;0,5;0,65;"Kein Tara"
1;"Mensa";"27.01.2014";"Stamm Sättigungbeil 0,50€";"";"";"Kartoffelkroketten";"Potato croquets";"A1";0,8;0,5;0,65;"Kein Tara"
1;"Mensa";"27.01.2014";"WOK-Buffet Mensa";"1";"";"Geflügelfleisch in Ingwersauce mit frischem Gemüse";"Poultry in ginger sauce with fresh vegetables";"2, A1, A6";12;8;10,5;"Tara"
6;"Gownsmen's Pub";"27.01.2014";"Aktionsessen";"";"";"Flammkuchen mit Speck oder vegetarisch";"Tarte Flambee with bacon or vegetarian";"";2,8;2,8;2,8;"Kein Tara"
6;"Gownsmen's Pub";"27.01.2014";"PUB Dessert";"";"";"Schokoladenpudding";"Chocolate pudding";"4, 15, A7";0,75;0,75;0,75;"Kein Tara"
6;"Gownsmen's Pub";"27.01.2014";"PUB Hauptkompononte";"";"";"Hähnchenschnitzel";"Chicken escalope";"3, 4, 15, A1, A3, A6, A7, A9, A10, (G)";2,7;2,7;2,7;"Kein Tara"
6;"Gownsmen's Pub";"27.01.2014";"PUB Kroketten/Röstiecken";"";"";"Kroketten";"Potato croquets";"A1";0,15;0,1;0,15;"Kein Tara"
6;"Gownsmen's Pub";"27.01.2014";"PUB Salatbeilage Waage";"";"";"Salatauswahl";"Mixed salad";"1, 3, A15";8;8;8;"Tara"
6;"Gownsmen's Pub";"27.01.2014";"Stamm Eintopf 1 f 1,80€";"";"";"Weißer Bohneneintopf mit Brötchen";"White beans stew with bread roll";"A1, A7, A9";1,8;1,8;3,15;"Kein Tara"
48;"HNF (Hotspot)";"27.01.2014";"Aktionsdessert 1,20€";"";"";"Schokoladenpudding";"Chocolate pudding";"4, 15, A5, A6, A7";1,8;1,2;1,45;"Kein Tara"
48;"HNF (Hotspot)";"27.01.2014";"Stamm Beilage klein 0,50€";"4";"";"Salzkartoffeln";"Steam potatoes";"";0,8;0,5;0,65;"Kein Tara"
48;"HNF (Hotspot)";"27.01.2014";"Stamm Beilage klein 0,50€";"";"";"Kartoffelkroketten";"Potato croquets";"A1";0,8;0,5;0,65;"Kein Tara"
48;"HNF (Hotspot)";"27.01.2014";"Stamm Beilage klein 0,50€";"";"";"Blattsalat";"Side salad";"15, A7";0,8;0,5;0,65;"Kein Tara"
48;"HNF (Hotspot)";"27.01.2014";"Stamm Beilage klein 0,50€";"";"";"Erbsengemüse";"Pea vegetable";"15, A7";0,8;0,5;0,65;"Kein Tara"
48;"HNF (Hotspot)";"27.01.2014";"Stamm Dessert 0,55€";"";"";"Sauerkirsch-Quarkspeise";"Sour cherry curd";"15, A7";1,1;0,55;0,75;"Kein Tara"
48;"HNF (Hotspot)";"27.01.2014";"Stamm Eintopf 1 f 1,80€";"";"";"Weißer Bohneneintopf mit Brötchen";"White beans stew with bread roll";"A1, A7, A9";3,6;1,8;3,15;"Kein Tara"
48;"HNF (Hotspot)";"27.01.2014";"Stamm HK Essen 1 1,05€";"5";"";"Honigkarotten aus dem Wok auf Couscous";"Honey carrots from the wok with lemon- couscous";"A1, A11";2,65;1,05;2,15;"Kein Tara"
48;"HNF (Hotspot)";"27.01.2014";"Stamm HK Essen 2 1,60€";"";"";"Rindswurst mit Weißkohl";"Beefsausage with white cabbage";"4, 15, A7";3,2;1,6;2,7;"Kein Tara"
48;"HNF (Hotspot)";"27.01.2014";"Stamm HK Essen 2 1,60€";"";"";"Cordon bleu vom Schwein mit Zitrone";"Cordon bleu of pork with lemon";"3, 4, A1, A3, A6, A7, A9, A10, (S)";3,2;1,6;2,7;"Kein Tara"
50;"Mensa Hamm";"27.01.2014";"Aktionsdessert 1,20€";"";"";"Schokoladenpudding";"Chocolate pudding";"4, 15, A5, A6, A7";1,8;1,2;1,45;"Kein Tara"
50;"Mensa Hamm";"27.01.2014";"Stamm Beilage klein 0,50€";"4";"";"Salzkartoffeln";"Steam potatoes";"";0,8;0,5;0,65;"Kein Tara"
50;"Mensa Hamm";"27.01.2014";"Stamm Beilage klein 0,50€";"";"";"Kartoffelkroketten";"Potato croquets";"A1";0,8;0,5;0,65;"Kein Tara"
50;"Mensa Hamm";"27.01.2014";"Stamm Beilage klein 0,50€";"";"";"Blattsalat";"Side salad";"15, A7";0,8;0,5;0,65;"Kein Tara"
50;"Mensa Hamm";"27.01.2014";"Stamm Beilage klein 0,50€";"";"";"Erbsengemüse";"Pea vegetable";"15, A7";0,8;0,5;0,65;"Kein Tara"
50;"Mensa Hamm";"27.01.2014";"Stamm Dessert 0,55€";"";"";"Sauerkirsch-Quarkspeise";"Sour cherry curd";"15, A7";1,1;0,55;0,75;"Kein Tara"
50;"Mensa Hamm";"27.01.2014";"Stamm Eintopf 1 f 1,80€";"";"";"Weißer Bohneneintopf mit Brötchen";"White beans stew with bread roll";"A1, A7, A9";3,6;1,8;3,15;"Kein Tara"
50;"Mensa Hamm";"27.01.2014";"Stamm HK Essen 1 1,05€";"5";"";"Honigkarotten aus dem Wok auf Couscous";"Honey carrots from the wok with lemon- couscous";"A1, A11";2,65;1,05;2,15;"Kein Tara"
50;"Mensa Hamm";"27.01.2014";"Stamm HK Essen 2 1,60€";"";"";"Rindswurst mit Weißkohl";"Beefsausage with white cabbage";"4, 15, A7";3,2;1,6;2,7;"Kein Tara"
50;"Mensa Hamm";"27.01.2014";"Stamm HK Essen 2 1,60€";"";"";"Cordon bleu vom Schwein mit Zitrone";"Cordon bleu of pork with lemon";"3, 4, A1, A3, A6, A7, A9, A10, (S)";3,2;1,6;2,7;"Kein Tara"
1;"Mensa";"28.01.2014";"Aktionsdessert 1,20€";"";"a";"Birnenmousse mit Joghurt";"Pear mousse with yogurt";"15, A3, A7, (R), A15";1,8;1,2;1,45;"Kein Tara"
1;"Mensa";"28.01.2014";"Aktionsdessert 1,20€";"";"";"Birnenmousse mit Joghurt";"Pear mousse with yogurt";"15, A3, A7, (R), A15";1,8;1,2;1,45;"Kein Tara"
1;"Mensa";"28.01.2014";"Aktionsessen";"";"";"Gegrillter Lachs im SchinkenmanteL auf Gemüsegyros";"Grilled salmon with bacon and vegetable ""gyros""";"2, 15, A7, A10, (S)";5,2;5,2;5,2;"Kein Tara"
1;"Mensa";"28.01.2014";"Aktionsessen";"";"";"1/2 kusprig gebratenes Grillhähnchen mit Zitrone";"1/2 Crispy grilled chicken with lemon";"4, (G)";3;3;3;"Kein Tara"
1;"Mensa";"28.01.2014";"Pastabuffet";"";"";"Mediterranes Gemüsegratin";"Vegetable gratin ""mediterran""";"15, A3, A7";12;8;10,5;"Tara"
1;"Mensa";"28.01.2014";"Pastabuffet";"5";"";"Nudelpfanne mit Gemüse";"Noodle with pesto fresh vegetable and mushrooms";"A1, A8";12;8;10,5;"Tara"
1;"Mensa";"28.01.2014";"Stamm Beilagensalat 0,50€";"";"";"Blattsalat";"Side salad";"15, A7, A9";0,8;0,5;0,65;"Kein Tara"
1;"Mensa";"28.01.2014";"Stamm Dessert 0,55€";"";"a";"Pfirsichquark";"Peach curd";"15, A7";1,1;0,55;0,75;"Kein Tara"
1;"Mensa";"28.01.2014";"Stamm Dessert 0,55€";"";"";"Pfirsichquark";"Peach curd";"15, A7";1,1;0,55;0,75;"Kein Tara"
1;"Mensa";"28.01.2014";"Stamm Eintopf 1 f 1,80€";"5";"";"Schnippelbohnen-Eintopf mit Schweinefleisch";"Green bean stew with pork and potatoes";"A1, A6, A7, A9";3,6;1,8;3,15;"Kein Tara"
1;"Mensa";"28.01.2014";"Stamm HK Essen 1 1,05€";"";"a";"Frischer Fleischkäse aus dem Ofen";"Fresh meatloaf out of the oven with onion sauce";"3, 4";3,2;1,6;2,7;"Kein Tara"
1;"Mensa";"28.01.2014";"Stamm HK Essen 1 1,05€";"";"a";"Penne Nudeln mit Gemüseragout";"Penne noodels with vegetable ragout";"2, 3, 4, 15, A1, A3, A6, A7, A9, A10";2,65;1,05;2,15;"Kein Tara"
1;"Mensa";"28.01.2014";"Stamm HK Essen 1 1,05€";"3";"";"Tomatenpolenta mit gebratenen Pilzen und Basilikum";"Tomato polenta with sautéed mushrooms and basil";"2, 15, A3, A7";2,65;1,05;2,15;"Kein Tara"
1;"Mensa";"28.01.2014";"Stamm HK Essen 2 1,60€";"1";"";"Wraps mit Curryhuhn, Karotte und Lauch";"Wraps with curry chicken, carrot and leek";"2, 3, 4, 15, A1, A6, A7, A9, A10, A12, A16, (G), 38";3,2;1,6;2,7;"Kein Tara"
1;"Mensa";"28.01.2014";"Stamm HK Essen 2 1,60€";"";"";"Gulasch vom Schwein mit Paprika und Bohnen";"Pork goulash with paprika and beans";"A15";3,2;1,6;2,7;"Kein Tara"
1;"Mensa";"28.01.2014";"Stamm HK Essen 2 1,60€";"";"a";"Putenbrust mit Ananas";"turkey steak with pineappel";"2, 3, 4, 15, A1, A6, A7, A12";3,2;1,6;2,7;"Kein Tara"
1;"Mensa";"28.01.2014";"Stamm Sättigungbeil 0,50€";"";"a";"Leibziger Allerlei";"Leipzig various";"A6";0,8;0,5;0,65;"Kein Tara"
1;"Mensa";"28.01.2014";"Stamm Sättigungbeil 0,50€";"";"a";"Bratkartoffeln";"Fried potatoes";"";0,8;0,5;0,65;"Kein Tara"
1;"Mensa";"28.01.2014";"Stamm Sättigungbeil 0,50€";"";"a";" und Langkornreis";" and Rice";"A6";0,8;0,5;0,65;"Kein Tara"
1;"Mensa";"28.01.2014";"Stamm Sättigungbeil 0,50€";"";"";"Pilawreis";"Pilaf rice";"15, A7";0,8;0,5;0,65;"Kein Tara"
1;"Mensa";"28.01.2014";"Stamm Sättigungbeil 0,50€";"";"";"Bandnudeln";"Tagliatelle";"A1, A3";0,8;0,5;0,65;"Kein Tara"
1;"Mensa";"28.01.2014";"WOK-Buffet Mensa";"2";"";"Rindfleischstreifen in Kokos-Chili-Sauce mit Gemüse";"Strips of beef in coconut chili sauce with mixed vegetable";"10, A1, A6, (R)";12;8;10,5;"Tara"
6;"Gownsmen's Pub";"28.01.2014";"Aktionsessen";"";"";"Flammkuchen mit Speck oder vegetarisch";"Tarte Flambee with bacon or vegetarian";"";2,8;2,8;2,8;"Kein Tara"
6;"Gownsmen's Pub";"28.01.2014";"PUB Dessert";"";"";"Vanillepudding";"Vanilla pudding";"4, 15, A5, A6, A7";0,75;0,75;0,75;"Kein Tara"
6;"Gownsmen's Pub";"28.01.2014";"PUB Hauptkompononte";"";"";"Chili con Carne";"Chili con carne";"3, 4, A1, A7, (R)";3,9;3,3;3,9;"Kein Tara"
6;"Gownsmen's Pub";"28.01.2014";"PUB Salatbeilage Waage";"";"";"Salatauswahl";"Mixed salad";"1, 3, A15";8;8;8;"Tara"
6;"Gownsmen's Pub";"28.01.2014";"Stamm Eintopf 1 f 1,80€";"";"";"Schnippelbohnen-Eintopf mit Schweinefleisch";"Green bean stew with pork and potatoes";"A1, A6, A7, A9";1,8;1,8;3,15;"Kein Tara"
48;"HNF (Hotspot)";"28.01.2014";"Aktionsdessert 1,20€";"";"";"Birnenmousse mit Joghurt";"Pear mousse with yogurt";"15, A3, A7, (R), A15";1,8;1,2;1,45;"Kein Tara"
48;"HNF (Hotspot)";"28.01.2014";"Stamm Beilage klein 0,50€";"";"";"Blattsalat";"Side salad";"15, A7, A9";0,8;0,5;0,65;"Kein Tara"
48;"HNF (Hotspot)";"28.01.2014";"Stamm Beilage klein 0,50€";"";"";"Pilawreis";"Pilaf rice";"15, A7";0,8;0,5;0,65;"Kein Tara"
48;"HNF (Hotspot)";"28.01.2014";"Stamm Beilage klein 0,50€";"";"";"Bandnudeln";"Tagliatelle";"A1, A3";0,8;0,5;0,65;"Kein Tara"
48;"HNF (Hotspot)";"28.01.2014";"Stamm Dessert 0,55€";"";"";"Pfirsichquark";"Peach curd";"15, A7";1,1;0,55;0,75;"Kein Tara"
48;"HNF (Hotspot)";"28.01.2014";"Stamm Eintopf 1 f 1,80€";"5";"";"Schnippelbohnen-Eintopf mit Schweinefleisch";"Green bean stew with pork and potatoes";"A6, A9";3,6;1,8;3,15;"Kein Tara"
48;"HNF (Hotspot)";"28.01.2014";"Stamm HK Essen 1 1,05€";"3";"";"Tomatenpolenta mit gebratenen Pilzen und Basilikum";"Tomato polenta with sautéed mushrooms and basil";"2, 15, A3, A7";2,65;1,05;2,15;"Kein Tara"
48;"HNF (Hotspot)";"28.01.2014";"Stamm HK Essen 2 1,60€";"";"";"Gulasch vom Schwein mit Paprika und Bohnen";"Pork goulash with paprika and beans";"A15";3,2;1,6;2,7;"Kein Tara"
48;"HNF (Hotspot)";"28.01.2014";"Stamm HK Essen 2 1,60€";"1";"";"Wraps mit Curryhuhn, Karotte und Lauch";"Wraps with curry chicken, carrot and leek";"2, 3, 4, 15, A1, A6, A7, A9, A10, A12, A16, (G), 38";3,2;1,6;2,7;"Kein Tara"
50;"Mensa Hamm";"28.01.2014";"Aktionsdessert 1,20€";"";"";"Birnenmousse mit Joghurt";"Pear mousse with yogurt";"15, A3, A7, (R), A15";1,8;1,2;1,45;"Kein Tara"
50;"Mensa Hamm";"28.01.2014";"Stamm Beilage klein 0,50€";"";"";"Blattsalat";"Side salad";"15, A7, A9";0,8;0,5;0,65;"Kein Tara"
50;"Mensa Hamm";"28.01.2014";"Stamm Beilage klein 0,50€";"";"";"Pilawreis";"Pilaf rice";"15, A7";0,8;0,5;0,65;"Kein Tara"
50;"Mensa Hamm";"28.01.2014";"Stamm Beilage klein 0,50€";"";"";"Bandnudeln";"Tagliatelle";"A1, A3";0,8;0,5;0,65;"Kein Tara"
50;"Mensa Hamm";"28.01.2014";"Stamm Dessert 0,55€";"";"";"Pfirsichquark";"Peach curd";"15, A7";1,1;0,55;0,75;"Kein Tara"
50;"Mensa Hamm";"28.01.2014";"Stamm Eintopf 1 f 1,80€";"5";"";"Schnippelbohnen-Eintopf mit Schweinefleisch";"Green bean stew with pork and potatoes";"A6, A9";3,6;1,8;3,15;"Kein Tara"
50;"Mensa Hamm";"28.01.2014";"Stamm HK Essen 1 1,05€";"3";"";"Tomatenpolenta mit gebratenen Pilzen und Basilikum";"Tomato polenta with sautéed mushrooms and basil";"2, 15, A3, A7";2,65;1,05;2,15;"Kein Tara"
50;"Mensa Hamm";"28.01.2014";"Stamm HK Essen 2 1,60€";"";"";"Gulasch vom Schwein mit Paprika und Bohnen";"Pork goulash with paprika and beans";"A15";3,2;1,6;2,7;"Kein Tara"
50;"Mensa Hamm";"28.01.2014";"Stamm HK Essen 2 1,60€";"1";"";"Wraps mit Curryhuhn, Karotte und Lauch";"Wraps with curry chicken, carrot and leek";"2, 3, 4, 15, A1, A6, A7, A9, A10, A12, A16, (G), 38";3,2;1,6;2,7;"Kein Tara"
1;"Mensa";"29.01.2014";"Aktionsdessert 1,20€";"";"";"Bayrisch Creme mit Mandarine";"Bavarian cream with mandarin";"1, 15, A6, A7, (R)";1,8;1,2;1,45;"Kein Tara"
1;"Mensa";"29.01.2014";"Aktionsdessert 1,20€";"";"a";"Bayrisch Creme mit Mandarine";"Bavarian cream with mandarin";"1, 15, A6, A7, (R)";1,8;1,2;1,45;"Kein Tara"
1;"Mensa";"29.01.2014";"Aktionsessen";"";"";"Spanferkelrollbraten auf Wirsinggemüse";"Roast sucking pig with savoy cabbage";"15, A1, A3, A7, A9";5,2;5,2;5,2;"Kein Tara"
1;"Mensa";"29.01.2014";"Aktionsessen";"";"";"Riesenbratwurst vom Schwein mit Ketchup-Currysauce";"Big sausage of pork with ketchup curry sauce";"2, 3, 4, 15, A7, A9, A10, A12, (R), (S)";3,5;3,5;3,5;"Kein Tara"
1;"Mensa";"29.01.2014";"Pastabuffet";"3";"";"Tortellini mit Ricotta in Kräuterrahmsauce";"Tortellini with ricotta in herb cream sauce";"15, A1, A3, A6, A7";12;8;10,5;"Tara"
1;"Mensa";"29.01.2014";"Pastabuffet";"";"";"Kartoffelgnocchi mit Hackfleischsauce vom Schwein";"Potato gnocchi with minced meat sauce of pork";"2, 15, A3, A7, A9, A15";12;8;10,5;"Tara"
1;"Mensa";"29.01.2014";"Stamm Dessert 0,55€";"";"";"Quark mit Ananas";"Curd with pine apple";"15, A7";1,1;0,55;0,75;"Kein Tara"
1;"Mensa";"29.01.2014";"Stamm Dessert 0,55€";"";"a";"Quark mit Ananas";"Curd with pine apple";"15, A7";1,1;0,55;0,75;"Kein Tara"
1;"Mensa";"29.01.2014";"Stamm Eintopf 1 f 1,80€";"2";"";"Rindfleisch-Eintopf mit Royal und Flädle";"Beef stew with royal and pancake stripes, bread roll";"15, A1, A3, A7, A9";3,6;1,8;3,15;"Kein Tara"
1;"Mensa";"29.01.2014";"Stamm Gemüsebeil. 1 0,50€";"";"";"Schwarzwurzeln";"Black salsify";"15, A7, A9";0,8;0,5;0,65;"Kein Tara"
1;"Mensa";"29.01.2014";"Stamm Gemüsebeil. 1 0,50€";"";"";"Macaire Kartoffeln";"Macaire potatoes";"A1, A12";0,8;0,5;0,65;"Kein Tara"
1;"Mensa";"29.01.2014";"Stamm HK Essen 1 1,05€";"3";"";"Badische Spätzlepfanne mit Lauch und Haselnüssen";"Baden spaetzle with leek and hazelnuts";"A1, A3, A6";2,65;1,05;2,15;"Kein Tara"
1;"Mensa";"29.01.2014";"Stamm HK Essen 2 1,60€";"";"";"Rinderschmorbraten mit Orange und Rosmarin";"Braised beef with orange and rosemary";"3, 4";3,2;1,6;2,7;"Kein Tara"
1;"Mensa";"29.01.2014";"Stamm HK Essen 2 1,60€";"5";"";"Brathähnchen in süß-sauer Sauce mit Bambus";"Chicken in sweet and sour sauce with bambus";"A1, A3, A6, A9";3,2;1,6;2,7;"Kein Tara"
1;"Mensa";"29.01.2014";"Stamm Sättigungbeil 0,50€";"";"";"Duftreis";"Fragrant rice";"";0,8;0,5;0,65;"Kein Tara"
1;"Mensa";"29.01.2014";"WOK-Buffet Mensa";"2";"";"Schweinefleisch süß-sauer mit Ananas";"Pork sweat sour with pine apple";"2, 3, A1, A3, A6, A7, A9, (S)";12;8;10,5;"Tara"
6;"Gownsmen's Pub";"29.01.2014";"Aktionsessen";"";"";"Flammkuchen mit Speck oder vegetarisch";"Tarte Flambee with bacon or vegetarian";"";2,8;2,8;2,8;"Kein Tara"
6;"Gownsmen's Pub";"29.01.2014";"PUB Dessert";"";"";"Fruchtjoghurt Pfirsch";"peach yogurt";"2, A7";0,75;0,75;0,75;"Kein Tara"
6;"Gownsmen's Pub";"29.01.2014";"PUB Fladenbrot";"";"";"Fladenbrot ""Liverpool""";"Flat bread ""Liverpool""";"1, 4, 15, A3, A7, A9";4;4;4;"Kein Tara"
6;"Gownsmen's Pub";"29.01.2014";"PUB Fladenbrot";"";"";"Fladenbrot ""Hawaii""";"Flat bread ""Hawaii""";"1, 4, 15, A3, A7, A9";4;4;4;"Kein Tara"
6;"Gownsmen's Pub";"29.01.2014";"Stamm Eintopf 1 f 1,80€";"";"";"Rindfleisch-Eintopf mit Royal und Flädle";"Beef stew with royal and pancake stripes, bread roll";"15, A1, A3, A7, A9";1,8;1,8;3,15;"Kein Tara"
48;"HNF (Hotspot)";"29.01.2014";"Aktionsdessert 1,20€";"";"";"Bayrisch Creme mit Mandarine";"Bavarian cream with mandarin";"1, 15, A6, A7, (R)";1,8;1,2;1,45;"Kein Tara"
48;"HNF (Hotspot)";"29.01.2014";"Stamm Beilage klein 0,50€";"";"";"Macaire Kartoffeln";"Macaire potatoes";"A1, A12";0,8;0,5;0,65;"Kein Tara"
48;"HNF (Hotspot)";"29.01.2014";"Stamm Beilage klein 0,50€";"";"";"Duftreis";"Fragrant rice";"";0,8;0,5;0,65;"Kein Tara"
48;"HNF (Hotspot)";"29.01.2014";"Stamm Beilage klein 0,50€";"";"";"Schwarzwurzeln";"Black salsify";"15, A7, A9";0,8;0,5;0,65;"Kein Tara"
48;"HNF (Hotspot)";"29.01.2014";"Stamm Dessert 0,55€";"";"";"Quark mit Ananas";"Curd with pine apple";"15, A7";1,1;0,55;0,75;"Kein Tara"
48;"HNF (Hotspot)";"29.01.2014";"Stamm Eintopf 1 f 1,80€";"2";"";"Rindfleisch-Eintopf mit Royal und Flädle";"Beef stew with royal and pancake stripes, bread roll";"15, A1, A3, A7, A9";3,6;1,8;3,15;"Kein Tara"
48;"HNF (Hotspot)";"29.01.2014";"Stamm HK Essen 1 1,05€";"3";"";"Badische Spätzlepfanne mit Lauch und Haselnüssen";"Baden spaetzle with leek and hazelnuts";"A1, A3, A6";2,65;1,05;2,15;"Kein Tara"
48;"HNF (Hotspot)";"29.01.2014";"Stamm HK Essen 2 1,60€";"5";"";"Brathähnchen in süß-sauer Sauce mit Bambus";"Chicken in sweet and sour sauce with bambus";"A1, A3, A6, A9";3,2;1,6;2,7;"Kein Tara"
48;"HNF (Hotspot)";"29.01.2014";"Stamm HK Essen 2 1,60€";"";"";"Rinderschmorbraten mit Orange und Rosmarin";"Braised beef with orange and rosemary";"3, 4";3,2;1,6;2,7;"Kein Tara"
50;"Mensa Hamm";"29.01.2014";"Aktionsdessert 1,20€";"";"";"Bayrisch Creme mit Mandarine";"Bavarian cream with mandarin";"1, 15, A6, A7, (R)";1,8;1,2;1,45;"Kein Tara"
50;"Mensa Hamm";"29.01.2014";"Stamm Beilage klein 0,50€";"";"";"Duftreis";"Fragrant rice";"";0,8;0,5;0,65;"Kein Tara"
50;"Mensa Hamm";"29.01.2014";"Stamm Beilage klein 0,50€";"";"";"Schwarzwurzeln";"Black salsify";"15, A7, A9";0,8;0,5;0,65;"Kein Tara"
50;"Mensa Hamm";"29.01.2014";"Stamm Dessert 0,55€";"";"";"Quark mit Ananas";"Curd with pine apple";"15, A7";1,1;0,55;0,75;"Kein Tara"
50;"Mensa Hamm";"29.01.2014";"Stamm Eintopf 1 f 1,80€";"2";"";"Rindfleisch-Eintopf mit Royal und Flädle";"Beef stew with royal and pancake stripes, bread roll";"15, A1, A3, A7, A9";3,6;1,8;3,15;"Kein Tara"
50;"Mensa Hamm";"29.01.2014";"Stamm HK Essen 1 1,05€";"3";"";"Badische Spätzlepfanne mit Lauch und Haselnüssen";"Baden spaetzle with leek and hazelnuts";"A1, A3, A6";2,65;1,05;2,15;"Kein Tara"
50;"Mensa Hamm";"29.01.2014";"Stamm HK Essen 2 1,60€";"";"";"Rinderschmorbraten mit Orange und Rosmarin";"Braised beef with orange and rosemary";"3, 4";3,2;1,6;2,7;"Kein Tara"
50;"Mensa Hamm";"29.01.2014";"Stamm HK Essen 2 1,60€";"5";"";"Brathähnchen in süß-sauer Sauce mit Bambus";"Chicken in sweet and sour sauce with bambus";"A1, A3, A6, A9";3,2;1,6;2,7;"Kein Tara"
1;"Mensa";"30.01.2014";"Aktionsdessert 1,20€";"";"a";"Waldbeeren-Dessert mit Löffelbisquit";"Berries dessert with ladyfingers";"1, 15, A6, A7, (R)";1,8;1,2;1,45;"Kein Tara"
1;"Mensa";"30.01.2014";"Aktionsdessert 1,20€";"";"";"Waldbeeren-Dessert mit Löffelbisquit";"Berries dessert with ladyfingers";"1, 15, A6, A7, (R)";1,8;1,2;1,45;"Kein Tara"
1;"Mensa";"30.01.2014";"Aktionsessen";"";"";"Kartoffelpuffer mit Rauchlachsmousse und Zitronendip";"Potato cakes with smoked salmon mousse and lemon dip";"A3, A7";3,5;3,5;3,5;"Kein Tara"
1;"Mensa";"30.01.2014";"Aktionsessen";"";"";"Schweinerückensteak mit Pfeffersauce mit Bohnen";"Pork loin with pepper sauce with beans";"2, 3, 4, 15, A3, A6, A7";4,85;4,85;4,85;"Kein Tara"
1;"Mensa";"30.01.2014";"Pastabuffet";"3";"";"Kartoffel-Erbsenpüree pikant mit Champignon";"""Spicy""potato and pea puree with chili and mushrooms";"3, 15, A1, A3, A6, A7, A9, A10, A11";12;8;10,5;"Tara"
1;"Mensa";"30.01.2014";"Pastabuffet";"3";"";"Pennenudeln mit Tomaten-Gemüsesauce";"Penne noodels with tomato vegetable sauce";"A1, A9, A15";12;8;10,5;"Tara"
1;"Mensa";"30.01.2014";"Stamm Beilagensalat 0,50€";"";"";"Beilagensalat";"Side salad";"A10";0,8;0,5;0,65;"Kein Tara"
1;"Mensa";"30.01.2014";"Stamm Dessert 0,55€";"";"";"Früchtequark";"Fruit curd";"15, A7";1,1;0,55;0,75;"Kein Tara"
1;"Mensa";"30.01.2014";"Stamm Dessert 0,55€";"";"a";"Früchtequark";"Fruit curd";"15, A7";1,1;0,55;0,75;"Kein Tara"
1;"Mensa";"30.01.2014";"Stamm Eintopf 1 f 1,80€";"";"";"Linseneintopf mit Bockwürstchen";"Lentils stew with sausage, bread roll";"2, 3, A1, A7, A9, A10, (S)";3,6;1,8;3,15;"Kein Tara"
1;"Mensa";"30.01.2014";"Stamm Gemüsebeil. 1 0,50€";"";"a";"Bohnengemüse";"Beans";"15, A7";0,8;0,5;0,65;"Kein Tara"
1;"Mensa";"30.01.2014";"Stamm HK Essen 1 1,05€";"4";"";"Chili sin carne";"Chili sin carne";"1, 2, A9, A15";2,65;1,05;2,15;"Kein Tara"
1;"Mensa";"30.01.2014";"Stamm HK Essen 1 1,05€";"";"a";"Vegetarische Kartoffelpizza mit Paprika und Tomaten";"Potato pizza with paprika and tomato";"A7, A9, 38, A15";2,65;1,05;2,15;"Kein Tara"
1;"Mensa";"30.01.2014";"Stamm HK Essen 2 1,60€";"";"a";"Cevapcici vom Rind mit Barbecuesauce";"Cevapcici from beef with barbecue sauce";"2, 3, 4, 6, 15, A1, A3, A6, A7, A10, A12, (R)";3,2;1,6;2,7;"Kein Tara"
1;"Mensa";"30.01.2014";"Stamm HK Essen 2 1,60€";"5";"";"Hähnchenhaxe mit Apfelchutney auf Blattsalat";"chicken knuckles and sharp apple chutney with leaf salads";"3, 6, A1, A3, A11, A12";3,2;1,6;2,7;"Kein Tara"
1;"Mensa";"30.01.2014";"Stamm HK Essen 2 1,60€";"1";"";"Gefülltes Putensteak mit Kräuterfrischkäse";"Stuffed turkey steak with herb fresh cheese";"A1, A3, A7";3,2;1,6;2,7;"Kein Tara"
1;"Mensa";"30.01.2014";"Stamm HK Essen 2 1,60€";"";"a";"Schweinelachs in Röstzwiebelkruste mit Italienischer Jus";"Pok in crust onion with herb jus";"3, 4, A1, (S), A15";3,2;1,6;2,7;"Kein Tara"
1;"Mensa";"30.01.2014";"Stamm Sättigungbeil 0,50€";"";"";"Bandnudeln";"Tagliatelle";"A1, A3";0,8;0,5;0,65;"Kein Tara"
1;"Mensa";"30.01.2014";"Stamm Sättigungbeil 0,50€";"";"a";"Pommes frites";"French fries";"";0,8;0,5;0,65;"Kein Tara"
1;"Mensa";"30.01.2014";"Stamm Sättigungbeil 0,50€";"";"a";"Tomatenreis";"tomato rice";"A6";0,8;0,5;0,65;"Kein Tara"
1;"Mensa";"30.01.2014";"Stamm Sättigungbeil 0,50€";"";"";"Pommes frites";"French fries";"";0,8;0,5;0,65;"Kein Tara"
1;"Mensa";"30.01.2014";"WOK-Buffet Mensa";"";"";"Chinesische Nudeln ""Rind"" in Taipansauce";"Mie noodles with beef in Taipan sauce";"A15";12;8;10,5;"Tara"
6;"Gownsmen's Pub";"30.01.2014";"Aktionsessen";"";"";"Flammkuchen mit Speck oder vegetarisch";"Tarte Flambee with bacon or vegetarian";"";2,8;2,8;2,8;"Kein Tara"
6;"Gownsmen's Pub";"30.01.2014";"PUB Beilage Waage";"";"";"Petersillienkartoffeln";"Parsley potatoes";"15, A7";4,5;4,5;4,5;"Tara"
6;"Gownsmen's Pub";"30.01.2014";"PUB Dessert";"";"";"Grießpudding";"Semolina pudding";"15, A1, A7";0,75;0,75;0,75;"Kein Tara"
6;"Gownsmen's Pub";"30.01.2014";"PUB Hauptkompononte";"";"";"Schollenfilet mit Remoulade";"Fillet of plaice with rémoulade";"A3";3,9;3,3;3,9;"Kein Tara"
6;"Gownsmen's Pub";"30.01.2014";"PUB Salatbeilage Waage";"";"";"Salatauswahl";"Mixed salad";"1, 3, A15";8;8;8;"Tara"
6;"Gownsmen's Pub";"30.01.2014";"Stamm Eintopf 1 f 1,80€";"";"";"Linseneintopf mit Bockwürstchen";"Lentils stew with sausage, bread roll";"2, 3, A1, A7, A9, A10, (S)";1,8;1,8;3,15;"Kein Tara"
48;"HNF (Hotspot)";"30.01.2014";"Aktionsdessert 1,20€";"";"";"Waldbeeren-Dessert mit Löffelbisquit";"Berries dessert with ladyfingers";"1, 15, A6, A7, (R)";1,8;1,2;1,45;"Kein Tara"
48;"HNF (Hotspot)";"30.01.2014";"Stamm Beilage klein 0,50€";"";"";"Bandnudeln";"Tagliatelle";"A1, A3";0,8;0,5;0,65;"Kein Tara"
48;"HNF (Hotspot)";"30.01.2014";"Stamm Beilage klein 0,50€";"";"";"Pommes frites";"French fries";"";0,8;0,5;0,65;"Kein Tara"
48;"HNF (Hotspot)";"30.01.2014";"Stamm Beilage klein 0,50€";"";"";"Butterreis";"Butter rice";"";0,8;0,5;0,65;"Kein Tara"
48;"HNF (Hotspot)";"30.01.2014";"Stamm Beilagensalat 0,50€";"";"";"Beilagensalat";"Side salad";"A10";0,8;0,5;0,65;"Kein Tara"
48;"HNF (Hotspot)";"30.01.2014";"Stamm Dessert 0,55€";"";"";"Früchtequark";"Fruit curd";"15, A7";1,1;0,55;0,75;"Kein Tara"
48;"HNF (Hotspot)";"30.01.2014";"Stamm Eintopf 1 f 1,80€";"";"";"Linseneintopf mit Bockwürstchen";"Lentils stew with sausage, bread roll";"2, 3, A1, A7, A9, A10, (S)";3,6;1,8;3,15;"Kein Tara"
48;"HNF (Hotspot)";"30.01.2014";"Stamm HK Essen 1 1,05€";"4";"";"Chili sin carne";"Chili sin carne";"1, 2, A9, A15";2,65;1,05;2,15;"Kein Tara"
48;"HNF (Hotspot)";"30.01.2014";"Stamm HK Essen 2 1,60€";"5";"";"Hähnchenhaxe mit Apfelchutney auf Blattsalat";"chicken knuckles and sharp apple chutney with leaf salads";"3, 6, A1, A3, A11, A12";3,2;1,6;2,7;"Kein Tara"
48;"HNF (Hotspot)";"30.01.2014";"Stamm HK Essen 2 1,60€";"1";"";"Gefülltes Putensteak mit Kräuterfrischkäse";"Stuffed turkey steak with herb fresh cheese";"A1, A3, A7";3,2;1,6;2,7;"Kein Tara"
50;"Mensa Hamm";"30.01.2014";"Aktionsdessert 1,20€";"";"";"Waldbeeren-Dessert mit Löffelbisquit";"Berries dessert with ladyfingers";"1, 15, A6, A7, (R)";1,8;1,2;1,45;"Kein Tara"
50;"Mensa Hamm";"30.01.2014";"Stamm Beilage klein 0,50€";"";"";"Butterreis";"Butter rice";"";0,8;0,5;0,65;"Kein Tara"
50;"Mensa Hamm";"30.01.2014";"Stamm Beilage klein 0,50€";"";"";"Pommes frites";"French fries";"";0,8;0,5;0,65;"Kein Tara"
50;"Mensa Hamm";"30.01.2014";"Stamm Beilage klein 0,50€";"";"";"Bandnudeln";"Tagliatelle";"A1, A3";0,8;0,5;0,65;"Kein Tara"
50;"Mensa Hamm";"30.01.2014";"Stamm Dessert 0,55€";"";"";"Früchtequark";"Fruit curd";"15, A7";1,1;0,55;0,75;"Kein Tara"
50;"Mensa Hamm";"30.01.2014";"Stamm Eintopf 1 f 1,80€";"";"";"Linseneintopf mit Bockwürstchen";"Lentils stew with sausage, bread roll";"2, 3, A1, A7, A9, A10, (S)";3,6;1,8;3,15;"Kein Tara"
50;"Mensa Hamm";"30.01.2014";"Stamm HK Essen 1 1,05€";"4";"";"Chili sin carne";"Chili sin carne";"1, 2, A9, A15";2,65;1,05;2,15;"Kein Tara"
50;"Mensa Hamm";"30.01.2014";"Stamm HK Essen 2 1,60€";"1";"";"Gefülltes Putensteak mit Kräuterfrischkäse";"Stuffed turkey steak with herb fresh cheese";"A1, A3, A7";3,2;1,6;2,7;"Kein Tara"
50;"Mensa Hamm";"30.01.2014";"Stamm HK Essen 2 1,60€";"5";"";"Hähnchenhaxe mit Apfelchutney auf Blattsalat";"chicken knuckles and sharp apple chutney with leaf salads";"3, 6, A1, A3, A11, A12";3,2;1,6;2,7;"Kein Tara"
1;"Mensa";"31.01.2014";"Aktionsdessert 1,20€";"";"";"Himbeerenmousse";"Raspberry cream";"15, A3, A6, A7, (R), A15";1,8;1,2;1,45;"Kein Tara"
1;"Mensa";"31.01.2014";"Aktionsessen";"";"";"Putenbrust mit Curryrahmsauce";"Turkey steak with curry cream sauce";"2, 3, A1, A3, A6, A7, A11, A12";3,8;3,8;3,8;"Kein Tara"
1;"Mensa";"31.01.2014";"Aktionsessen";"";"";"Glasierte Schweinschulter auf Rahmlinsen";"Glazed pork shoulder on cream lentil";"2, 3, 15, A1, A3, A6, A7, A9, A10, (S)";4,85;4,85;4,85;"Kein Tara"
1;"Mensa";"31.01.2014";"Pastabuffet";"";"";"Kartoffel-Tomatenpfanne mit Fetakäse";"Potato tomato dish with feta cheese";"";12;8;10,5;"Tara"
1;"Mensa";"31.01.2014";"Stamm Beilagensalat 0,50€";"";"";"Karotten-Apfel-Salat";"Carrots apple salad";"3";0,8;0,5;0,65;"Kein Tara"
1;"Mensa";"31.01.2014";"Stamm Dessert 0,55€";"";"";"Bananenquark";"Banana curd";"15, A7";1,1;0,55;0,75;"Kein Tara"
1;"Mensa";"31.01.2014";"Stamm Eintopf 1 f 1,80€";"";"";"Gulaschsuppeneintopf vom Rind";"Goulash soup stew from beef";"2, 3, 4, 9, 15, A1, A3, A6, A7, A9, A10, A12, A15";3,6;1,8;3,15;"Kein Tara"
1;"Mensa";"31.01.2014";"Stamm Gemüsebeil. 1 0,50€";"";"";"Zucchinigemüse";"courgettes";"";0,8;0,5;0,65;"Kein Tara"
1;"Mensa";"31.01.2014";"Stamm HK Essen 1 1,05€";"3";"";"Gemüsetarte von Winterlauch und Kürbis, Joghurtdip";"Vegetable tart of leek and pumpkin with yogurt dip";"15, A1, A3, A7";3,2;1,6;2,7;"Kein Tara"
1;"Mensa";"31.01.2014";"Stamm HK Essen 2 1,60€";"1";"";"Spitzkohl mit Hackfleisch vom Rind in Filoteig";"Cabbage with minced beef in puff pastry";"2, 3, 15, A7, A12, A15";3,2;1,6;2,7;"Kein Tara"
1;"Mensa";"31.01.2014";"Stamm HK Essen 2 1,60€";"2";"";"Alaska Seelachsfilet mit Tomatensauce";"Alaska pollock fillet with tomato sauce";"A6";3,2;1,6;2,7;"Kein Tara"
1;"Mensa";"31.01.2014";"Stamm Sättigungbeil 0,50€";"";"";"Pilawreis";"Pilaf rice";"15, A7";0,8;0,5;0,65;"Kein Tara"
1;"Mensa";"31.01.2014";"Stamm Sättigungbeil 0,50€";"";"";"Dampfkartoffeln";"Steam potatoes";"";0,8;0,5;0,65;"Kein Tara"
1;"Mensa";"31.01.2014";"WOK-Buffet Mensa";"";"";"Rindfleischstreifen in Kokos-Chili-Sauce mit Gemüse";"Strips of beef in coconut chili sauce with mixed vegetable";"10, A1, A6, (R)";12;8;10,5;"Tara"
6;"Gownsmen's Pub";"31.01.2014";"Aktionsessen";"";"";"Flammkuchen mit Speck oder vegetarisch";"Tarte Flambee with bacon or vegetarian";"";2,8;2,8;2,8;"Kein Tara"
6;"Gownsmen's Pub";"31.01.2014";"PUB Beilage Waage";"";"";"Nudeln";"Noodles";"15, A7";4,5;4,5;4,5;"Tara"
6;"Gownsmen's Pub";"31.01.2014";"PUB Dessert";"";"";"Karamellpudding";"Caramel pudding";"15, A5, A6, A7";0,75;0,75;0,75;"Kein Tara"
6;"Gownsmen's Pub";"31.01.2014";"PUB Hauptkompononte";"";"";"Schweineschnitzel mit Zwiebelsauce";"Pork escalope with onion sauce";"3, 4, 15, A1, A3, A6, A7, A9, A10, 38, A15";2,7;2,7;2,7;"Kein Tara"
6;"Gownsmen's Pub";"31.01.2014";"PUB Salatbeilage Waage";"";"";"Salatauswahl";"Mixed salad";"1, 3, A15";8;8;8;"Tara"
6;"Gownsmen's Pub";"31.01.2014";"Stamm Eintopf 1 f 1,80€";"";"";"Gulaschsuppeneintopf vom Rind";"Goulash soup stew from beef";"2, 3, 4, 9, 15, A1, A3, A6, A7, A9, A10, A12, A15";1,8;1,8;3,15;"Kein Tara"
48;"HNF (Hotspot)";"31.01.2014";"Aktionsdessert 1,20€";"";"";"Himbeerenmousse";"Raspberry cream";"15, A3, A6, A7, (R), A15";1,8;1,2;1,45;"Kein Tara"
48;"HNF (Hotspot)";"31.01.2014";"Stamm Beilagensalat 0,50€";"";"";"Karotten-Apfel-Salat";"Carrots apple salad";"3";0,8;0,5;0,65;"Kein Tara"
48;"HNF (Hotspot)";"31.01.2014";"Stamm Dessert 0,55€";"";"";"Bananenquark";"Banana curd";"15, A7";1,1;0,55;0,75;"Kein Tara"
48;"HNF (Hotspot)";"31.01.2014";"Stamm Eintopf 1 f 1,80€";"";"";"Gulaschsuppeneintopf vom Rind";"Goulash soup stew from beef";"2, 3, 4, 9, 15, A1, A3, A6, A7, A9, A10, A12, A15";3,6;1,8;3,15;"Kein Tara"
48;"HNF (Hotspot)";"31.01.2014";"Stamm HK Essen 2 1,60€";"2";"";"Alaska Seelachsfilet mit Tomatensauce";"Alaska pollock fillet with tomato sauce";"A6";3,2;1,6;2,7;"Kein Tara"
48;"HNF (Hotspot)";"31.01.2014";"Stamm HK Essen 2 1,60€";"1";"";"Spitzkohl mit Hackfleisch vom Rind in Filoteig";"Cabbage with minced beef in puff pastry";"2, 3, 15, A7, A12, A15";3,2;1,6;2,7;"Kein Tara"
48;"HNF (Hotspot)";"31.01.2014";"Stamm HK Essen 2 1,60€";"3";"";"Gemüsetarte von Winterlauch und Kürbis, Joghurtdip";"Vegetable tart of leek and pumpkin with yogurt dip";"15, A1, A3, A7";3,2;1,6;2,7;"Kein Tara"
48;"HNF (Hotspot)";"31.01.2014";"Stamm Sättigungbeil 0,50€";"";"";"Pilawreis";"Pilaf rice";"15, A7";0,8;0,5;0,65;"Kein Tara"
50;"Mensa Hamm";"31.01.2014";"Aktionsdessert 1,20€";"";"";"Himbeerenmousse";"Raspberry cream";"15, A3, A6, A7, (R), A15";1,8;1,2;1,45;"Kein Tara"
50;"Mensa Hamm";"31.01.2014";"Stamm Beilage klein 0,50€";"";"";"Dampfkartoffeln";"Steam potatoes";"";0,8;0,5;0,65;"Kein Tara"
50;"Mensa Hamm";"31.01.2014";"Stamm Beilage klein 0,50€";"";"";"Karotten-Apfel-Salat";"Carrots apple salad";"3";0,8;0,5;0,65;"Kein Tara"
50;"Mensa Hamm";"31.01.2014";"Stamm Beilage klein 0,50€";"";"";"Zucchinigemüse";"courgettes";"";0,8;0,5;0,65;"Kein Tara"
50;"Mensa Hamm";"31.01.2014";"Stamm Beilage klein 0,50€";"";"";"Pilawreis";"Pilaf rice";"15, A7";0,8;0,5;0,65;"Kein Tara"
50;"Mensa Hamm";"31.01.2014";"Stamm Dessert 0,55€";"";"";"Bananenquark";"Banana curd";"15, A7";1,1;0,55;0,75;"Kein Tara"
50;"Mensa Hamm";"31.01.2014";"Stamm Eintopf 1 f 1,80€";"";"";"Gulaschsuppeneintopf vom Rind";"Goulash soup stew from beef";"2, 3, 4, 9, 15, A1, A3, A6, A7, A9, A10, A12, A15";3,6;1,8;3,15;"Kein Tara"
50;"Mensa Hamm";"31.01.2014";"Stamm HK Essen 2 1,60€";"3";"";"Gemüsetarte von Winterlauch und Kürbis, Joghurtdip";"Vegetable tart of leek and pumpkin with yogurt dip";"15, A1, A3, A7";3,2;1,6;2,7;"Kein Tara"
50;"Mensa Hamm";"31.01.2014";"Stamm HK Essen 2 1,60€";"1";"";"Spitzkohl mit Hackfleisch vom Rind in Filoteig";"Cabbage with minced beef in puff pastry";"2, 3, 15, A7, A12, A15";3,2;1,6;2,7;"Kein Tara"
50;"Mensa Hamm";"31.01.2014";"Stamm HK Essen 2 1,60€";"2";"";"Alaska Seelachsfilet mit Tomatensauce";"Alaska pollock fillet with tomato sauce";"A6";3,2;1,6;2,7;"Kein Tara"
6;"Gownsmen's Pub";"03.02.2014";"Aktionsessen";"";"";"Flammkuchen mit Speck oder vegetarisch";"Tarte Flambee with bacon or vegetarian";"";2,8;2,8;2,8;"Kein Tara"
6;"Gownsmen's Pub";"03.02.2014";"PUB Beilage Waage";"";"";"Butterreis";"Butter rice";"15, A7";4,5;4,5;4,5;"Tara"
6;"Gownsmen's Pub";"03.02.2014";"PUB Dessert";"";"";"Schokoladenpudding";"Chocolate pudding";"4, 15, A7";0,75;0,75;0,75;"Kein Tara"
6;"Gownsmen's Pub";"03.02.2014";"PUB Hauptkompononte";"";"";"Hackfleischpfanne";"Minced meat pan";"3, 4, 15, A1, A3, A6, A7, A9, A10, A15";2,7;2,7;2,7;"Kein Tara"
6;"Gownsmen's Pub";"03.02.2014";"PUB Salatbeilage Waage";"";"";"Salatauswahl";"Mixed salad";"1, 3, A15";8;8;8;"Tara"
6;"Gownsmen's Pub";"04.02.2014";"Aktionsessen";"";"";"Flammkuchen mit Speck oder vegetarisch";"Tarte Flambee with bacon or vegetarian";"";2,8;2,8;2,8;"Kein Tara"
6;"Gownsmen's Pub";"04.02.2014";"PUB Beilage Waage";"";"";"Balkangemüse";"Balkanstyle vegetables";"3, 4, 15, A1, A3, A6, A7, A9, A10, A15";4,5;4,5;4,5;"Tara"
6;"Gownsmen's Pub";"04.02.2014";"PUB Beilage Waage";"";"";"Petersillienkartoffeln";"Parsley potatoes";"15, A7";4,5;4,5;4,5;"Tara"
6;"Gownsmen's Pub";"04.02.2014";"PUB Dessert";"";"";"Vanillepudding";"Vanilla pudding";"4, 15, A5, A6, A7";0,75;0,75;0,75;"Kein Tara"
6;"Gownsmen's Pub";"04.02.2014";"PUB Hauptkompononte";"";"";"Frikadelle vom Schwein";"Pork meatball";"3, 4, 9, 15, A1, A3, A7, A9, A10, (R), (S), A15";2,7;2,7;2,7;"Kein Tara"
6;"Gownsmen's Pub";"05.02.2014";"Aktionsessen";"";"";"Flammkuchen mit Speck oder vegetarisch";"Tarte Flambee with bacon or vegetarian";"";2,8;2,8;2,8;"Kein Tara"
6;"Gownsmen's Pub";"05.02.2014";"PUB Dessert";"";"";"Fruchtjoghurt";"Fruit yoghurt strawberry";"2, A7";0,75;0,75;0,75;"Kein Tara"
6;"Gownsmen's Pub";"05.02.2014";"PUB Fladenbrot";"";"";"Fladenbrot ""Windsor""";"Flat bread ""Windsor""";"1, 4, 15, A3, A7, A9";3;3;3;"Kein Tara"
6;"Gownsmen's Pub";"05.02.2014";"PUB Fladenbrot";"";"";"Fladenbrot ""Cornwall""";"Flat bread ""Cornwall""";"1, 4, 15, A3, A7, A9, (G)";4;4;4;"Kein Tara"
6;"Gownsmen's Pub";"06.02.2014";"Aktionsessen";"";"";"Flammkuchen mit Speck oder vegetarisch";"Tarte Flambee with bacon or vegetarian";"";2,8;2,8;2,8;"Kein Tara"
6;"Gownsmen's Pub";"06.02.2014";"PUB Beilage Waage";"";"";"Petersillienkartoffeln";"Parsley potatoes";"15, A7";4,5;4,5;4,5;"Tara"
6;"Gownsmen's Pub";"06.02.2014";"PUB Dessert";"";"";"Grießpudding";"Semolina pudding";"15, A1, A7";0,75;0,75;0,75;"Kein Tara"
6;"Gownsmen's Pub";"06.02.2014";"PUB Hauptkompononte";"";"";"Schollenfilet mit Remoulade";"Fillet of plaice with rémoulade";"9, A3";2,7;2,7;2,7;"Kein Tara"
6;"Gownsmen's Pub";"06.02.2014";"PUB Salatbeilage Waage";"";"";"Salatauswahl";"Mixed salad";"1, 3, A15";8;8;8;"Tara"
